Emp ID,Name Prefix,First Name,Middle Initial,Last Name,Gender,E Mail,Date of Birth,Date of Joining,Salary,Last % Hike,User Name,Password
677509,Drs.,Lois,H,Walker,F,lois.walker@hotmail.com,3/29/81,11/24/03,168251,21%,lhwalker,DCa}.T}X:v?NP
940761,Ms.,Brenda,S,Robinson,F,brenda.robinson@gmail.com,7/31/70,7/27/08,51063,27%,bsrobinson,TCo\j#Zg;SQ~o
428945,Dr.,Joe,W,Robinson,M,joe.robinson@gmail.com,6/16/63,8/3/16,50155,16%,jwrobinson,GO4$J8MiEh[A
408351,Drs.,Diane,I,Evans,F,diane.evans@yahoo.com,12/4/77,4/16/99,180294,1%,dievans,0gGRtp1HfL<r5
193819,Mr.,Benjamin,R,Russell,M,benjamin.russell@charter.net,4/17/77,7/25/13,117642,13%,brrussell,Rd<Y8cp!@R;*%F
499687,Mr.,Patrick,F,Bailey,M,patrick.bailey@aol.com,9/27/82,7/22/05,72305,5%,pfbailey,K7&5aY/*
539712,Ms.,Nancy,T,Baker,F,nancy.baker@bp.com,6/13/95,9/14/16,98189,0%,ntbaker,xJdKlAcYQhT_BE#
380086,Mrs.,Carol,V,Murphy,F,carol.murphy@gmail.com,6/30/58,1/28/83,60918,20%,cvmurphy,Uc+VG%vuZU<k
477616,Hon.,Frances,B,Young,F,frances.young@gmail.com,6/9/59,4/27/94,121587,28%,fbyoung,K}^USc0l7[A
162402,Hon.,Diana,T,Peterson,F,diana.peterson@hotmail.co.uk,11/13/87,2/17/14,43010,4%,dtpeterson,3o8>v&tYxjyEAo
231469,Mr.,Ralph,L,Flores,M,ralph.flores@yahoo.com,2/5/75,4/14/09,118457,8%,rlflores,7tP\LrSr}\qTqj
153989,Prof.,Jack,C,Alexander,M,jack.alexander@gmail.com,5/19/95,1/5/17,82965,23%,jcalexander,9L*-O1U.9mSUSh
386158,Mrs.,Melissa,Q,King,F,melissa.king@comcast.net,2/24/72,11/24/15,166892,1%,mqking,FE5i<e-Y}[4f78
301576,Hon.,Wayne,G,Watson,M,wayne.watson@gmail.com,6/26/96,7/19/17,92758,14%,wgwatson,wM4J{]&j\-eGc
441771,Mrs.,Cheryl,O,Scott,F,cheryl.scott@gmail.com,2/23/58,11/26/90,92220,12%,coscott,Vbb+~2N|_yR
528509,Hon.,Paula,G,Diaz,F,paula.diaz@gmail.com,8/22/66,8/22/94,152654,8%,pgdiaz,3Kg55luU
912990,Mr.,Joshua,T,Stewart,M,joshua.stewart@yahoo.ca,5/18/70,9/2/02,184896,1%,jtstewart,K?vi9BBznj
214352,Ms.,Theresa,G,Lee,F,theresa.lee@gmail.com,12/5/92,1/19/15,197537,1%,tglee,JS#hN&Xij\%QEr
890290,Hon.,Julia,S,Scott,F,julia.scott@apple.com,7/15/59,2/23/05,141518,3%,jsscott,r.:Q7c^Tpb
622406,Mr.,Thomas,Q,Lewis,M,thomas.lewis@gmail.com,10/4/67,6/7/98,73862,3%,tqlewis,y;OJd_Oa#4g|!G
979607,Ms.,Carol,J,Edwards,F,carol.edwards@msn.com,12/14/94,4/25/16,93967,30%,cjedwards,wi>v-a9gt
969580,Prof.,Matthew,L,Turner,M,matthew.turner@gmail.com,10/26/93,2/7/16,52237,9%,mlturner,I>tL>d[|lZdi_|^
426038,Hon.,Joan,C,Stewart,F,joan.stewart@yahoo.com,11/20/72,12/30/09,111673,12%,jcstewart,q@mq.U~D#1MPgZ
388642,Mrs.,Ruby,R,Rogers,F,ruby.rogers@gmail.com,5/1/80,8/30/13,160623,9%,rrrogers,t>#P@D9s<:9\V
560455,Ms.,Carolyn,V,Hayes,F,carolyn.hayes@hotmail.co.uk,3/10/58,7/3/01,42005,14%,cvhayes,NY!Y2sw.[_v-Q9{
477253,Mrs.,Anne,L,Russell,F,anne.russell@ibm.com,7/29/89,11/24/13,103160,29%,alrussell,c8Nk&Y^~Vz!2
263480,Hon.,Daniel,K,Cooper,M,daniel.cooper@yahoo.com,1/1/90,3/6/14,153790,13%,dkcooper,d8p{Pwx2fsW0-Z
683826,Mr.,Roger,L,Roberts,M,roger.roberts@gmail.com,7/7/69,1/29/09,129625,12%,rlroberts,41:C_0ik|Jb0iTO
474599,Drs.,Maria,W,Walker,F,maria.walker@microsoft.com,3/19/75,10/1/98,48944,21%,mwwalker,cw?%U}s{?
335732,Ms.,Brenda,M,Butler,F,brenda.butler@gmail.com,12/6/63,8/20/87,60508,29%,bmbutler,u+CtpZ~gyR*>
329752,Hon.,Lillian,X,Brown,F,lillian.brown@aol.com,5/12/81,4/13/15,67251,22%,lxbrown,CG-M5~z:
893212,Ms.,Amy,B,Howard,F,amy.howard@aol.com,6/16/81,6/1/03,112715,30%,abhoward,tNo::TEG
621833,Mr.,Gregory,X,Edwards,M,gregory.edwards@outlook.com,8/31/93,9/30/15,169245,22%,gxedwards,V^sVy*MO{
456747,Mr.,Roy,Z,Griffin,M,roy.griffin@yahoo.com,5/8/91,8/23/12,170895,19%,rzgriffin,qm&h<b.NsKaZ
278556,Prof.,Richard,Y,Mitchell,M,richard.mitchell@verizon.net,7/28/93,8/18/16,122226,14%,rymitchell,RWeXJPOi:KpX<Rn
333476,Hon.,Mary,P,Wilson,F,mary.wilson@sbcglobal.net,12/1/67,12/22/91,109394,16%,mpwilson,Pwl&W:|<_
218791,Mr.,Aaron,N,Price,M,aaron.price@bp.com,2/10/69,7/3/97,54402,0%,anprice,uKxgV4uO&k@
134841,Ms.,Donna,R,Brown,F,donna.brown@aol.com,9/14/83,7/17/13,129836,8%,drbrown,u?%QOo2ykK
726264,Hon.,Carl,N,Collins,M,carl.collins@yahoo.com,12/22/73,6/9/07,162159,7%,cncollins,XinULSmjAFL/
766610,Ms.,Joyce,E,Jenkins,F,joyce.jenkins@aol.com,8/22/61,5/14/10,119321,13%,jejenkins,C5/iW3Ry#o{~elV
923947,Ms.,Mary,G,Bryant,F,mary.bryant@verizon.net,6/21/62,5/20/04,155442,4%,mgbryant,A[iR?Z1{
227922,Hon.,Amanda,M,Hughes,F,amanda.hughes@rediffmail.com,7/29/82,4/19/07,114257,22%,amhughes,B2N>J{_k7]F
265813,Hon.,Jack,E,Campbell,M,jack.campbell@gmail.com,1/4/85,7/29/07,186280,23%,jecampbell,rh\N>WRr4hl~l
247137,Mr.,Alan,E,Rivera,M,alan.rivera@apple.com,12/11/78,6/7/06,154810,12%,aerivera,rSuD~3HS*{S
407061,Ms.,Elizabeth,Q,Jackson,F,elizabeth.jackson@aol.com,8/15/64,1/19/05,85420,24%,eqjackson,EAHcnWsf6xMRwr]
226714,Drs.,Nancy,L,Davis,F,nancy.davis@ibm.com,11/14/83,8/25/12,94986,11%,nldavis,bv-KfTutT?0*pm
702813,Mr.,Ernest,D,Martinez,M,ernest.martinez@gmail.com,11/9/89,1/24/16,172098,8%,edmartinez,qe?JNGBY{[\7;dD
524896,Ms.,Judy,Y,Hernandez,F,judy.hernandez@gmail.com,3/25/61,12/27/11,133332,30%,jyhernandez,kiB:v!j&?D!&NYY
363065,Drs.,Nancy,L,Jones,F,nancy.jones@gmail.com,11/10/93,10/16/15,61924,4%,nljones,J}HJq/zVF-Aq2
879753,Mrs.,Pamela,X,Wright,F,pamela.wright@aol.com,4/14/96,6/9/17,149262,9%,pxwright,3a*&[Y^pV\0!rU
958326,Mr.,Larry,T,Miller,M,larry.miller@shell.com,10/31/88,2/22/17,97904,20%,ltmiller,2WgF#:ew**x#
447813,Mrs.,Ann,Q,Coleman,F,ann.coleman@ibm.com,5/11/89,11/19/13,130014,12%,aqcoleman,g2]GlvlL5
525955,Drs.,Judy,C,Gonzales,F,judy.gonzales@gmail.com,6/17/59,1/3/92,149575,9%,jcgonzales,yDl}pfaWs{Hro6
818384,Mr.,Peter,X,Washington,M,peter.washington@bp.com,11/6/82,11/29/09,173226,27%,pxwashington,97%d^2rk41!E>*Q
971640,Prof.,Clarence,A,Ross,M,clarence.ross@apple.com,12/13/60,12/31/08,165272,9%,caross,h&jmac@+QD?B
253573,Ms.,Sharon,E,Lopez,F,sharon.lopez@gmail.com,5/4/91,3/7/14,190139,21%,selopez,GsP~S?FYY
904898,Drs.,Ann,Q,Cooper,F,ann.cooper@exxonmobil.com,12/25/92,2/15/17,182521,30%,aqcooper,i_^#>]tFpt
515103,Ms.,Anne,A,Perez,F,anne.perez@sbcglobal.net,5/5/58,7/28/03,114426,9%,aaperez,y;n9A#}b
491943,Mrs.,Nancy,P,Howard,F,nancy.howard@gmail.com,5/5/61,2/6/99,101553,25%,nphoward,OC\&tG&?c
750173,Mr.,Antonio,R,Roberts,M,antonio.roberts@hotmail.com,8/27/95,5/1/17,181646,30%,arroberts,h>.g!B:VcNN
687017,Ms.,Frances,P,Watson,F,frances.watson@outlook.com,1/30/61,8/20/10,46945,22%,fpwatson,rjV1$at!wq53a$
241882,Ms.,Debra,G,Wood,F,debra.wood@hotmail.com,10/30/69,1/10/91,84318,19%,dgwood,iO8B@*yA*mG6b9o
758872,Mr.,Henry,Y,Jenkins,M,henry.jenkins@hotmail.com,11/6/84,6/21/17,102384,11%,hyjenkins,zPnRU5Bo
940922,Hon.,Melissa,X,Butler,F,melissa.butler@hotmail.com,11/14/94,2/5/17,167631,30%,mxbutler,hY3BqUR>6F
917937,Mr.,Todd,H,Hall,M,todd.hall@yahoo.com,8/31/91,5/8/16,163560,0%,thhall,Lgdb8q<0L@-/
917395,Hon.,Christopher,D,Nelson,M,christopher.nelson@aol.com,3/29/60,11/8/97,190765,0%,cdnelson,QKae{1EP1A[SeX
183071,Drs.,Andrea,P,Garcia,F,andrea.garcia@aol.com,7/6/85,4/18/10,54179,25%,apgarcia,eI!^kXR]Q^V+
316110,Mr.,Jeremy,I,Sanchez,M,jeremy.sanchez@hotmail.com,2/5/65,4/2/06,178847,1%,jisanchez,Yg#Z+:CDwDV<*xZ
293459,Mr.,Steven,J,Phillips,M,steven.phillips@hotmail.com,9/12/86,3/27/15,90108,24%,sjphillips,ht}X55$P&g1
732017,Ms.,Cynthia,J,Ramirez,F,cynthia.ramirez@btinternet.com,9/22/82,2/18/09,90531,2%,cjramirez,qP-#AhuNuz*Wb]
915638,Dr.,Jason,W,Anderson,M,jason.anderson@gmail.com,1/3/74,9/21/99,76636,19%,jwanderson,a3Hlk+.V/TjD
478003,Hon.,Cynthia,X,White,F,cynthia.white@gmail.com,6/15/63,3/4/04,186200,30%,cxwhite,mofyGR>.?Dwb4!
951225,Ms.,Margaret,N,Brooks,F,margaret.brooks@gmail.com,6/27/92,8/26/16,43867,9%,mnbrooks,0*2k8uW&:{i{
883936,Mr.,Douglas,I,Flores,M,douglas.flores@gmail.com,4/21/86,9/10/09,181793,20%,diflores,9||FLq|0tU|9>v
528673,Hon.,Paul,V,Watson,M,paul.watson@hotmail.com,3/9/59,6/26/95,145235,15%,pvwatson,7q{iHhbgWZ7%
765850,Mrs.,Linda,R,Moore,F,linda.moore@gmail.com,8/18/91,5/15/17,113256,18%,lrmoore,0jj}jl_r/VmJ;
262382,Ms.,Cheryl,O,Miller,F,cheryl.miller@ntlworld.com,4/20/85,7/30/07,64143,3%,comiller,Nr-t/.^cWBO
870820,Ms.,Martha,G,Washington,F,martha.washington@aol.com,3/28/91,3/3/17,116629,25%,mgwashington,ju$7I]eH8{-
806955,Mr.,William,G,Hernandez,M,william.hernandez@rediffmail.com,7/22/67,3/21/00,73734,22%,wghernandez,BRB3DFywgZZ4
325319,Hon.,Carolyn,F,Price,F,carolyn.price@yahoo.com,5/30/76,11/5/14,48736,2%,cfprice,K*$u@MAoH
623253,Mrs.,Ruby,Q,Stewart,F,ruby.stewart@gmail.com,10/23/68,7/2/17,174774,7%,rqstewart,C\RjCUPJd[Ld]
225925,Mr.,Paul,D,Cooper,M,paul.cooper@gmail.com,8/12/91,9/8/14,73526,27%,pdcooper,hW%ZbJ\fZ-
761821,Mr.,Ernest,G,Washington,M,ernest.washington@msn.com,10/28/84,1/31/15,176675,15%,egwashington,B\Wb^6W-
400173,Ms.,Dorothy,K,Edwards,F,dorothy.edwards@hotmail.co.uk,1/19/84,12/31/13,179017,1%,dkedwards,VWEIm3YKm65|D
802554,Mr.,Ryan,V,Alexander,M,ryan.alexander@shell.com,8/1/93,8/31/14,106628,24%,rvalexander,3N3]VFZx?MaC{
476433,Ms.,Lillian,N,Mitchell,F,lillian.mitchell@shaw.ca,10/23/74,12/7/99,149878,3%,lnmitchell,Ty/b@+;f
533952,Ms.,Kelly,R,Adams,F,kelly.adams@bp.com,5/23/75,7/4/13,51878,15%,kradams,OfK?#J|7&W\1T
623929,Prof.,Jimmy,R,Howard,M,jimmy.howard@yahoo.com,11/27/66,12/12/07,120631,13%,jrhoward,0v+|SfA0Xv+Pf%
844177,Ms.,Margaret,T,Allen,F,margaret.allen@gmail.com,9/8/81,5/17/13,180107,22%,mtallen,oC1OHlW%Sk@%6
212893,Ms.,Janet,Y,Henderson,F,janet.henderson@ntlworld.com,12/24/79,12/18/12,114481,5%,jyhenderson,g-oCs-L/za
185032,Mr.,Eugene,D,Perez,M,eugene.perez@exxonmobil.com,10/6/79,12/8/14,122950,26%,edperez,g]SJn<W_/#
867084,Ms.,Deborah,E,Smith,F,deborah.smith@yahoo.com,10/31/77,3/4/02,52767,28%,desmith,C[WxHsB9
969964,Hon.,Janice,S,Parker,F,janice.parker@yahoo.com,1/12/80,8/23/16,147641,25%,jsparker,8wUbWmuib
158666,Ms.,Rebecca,A,Stewart,F,rebecca.stewart@gmail.com,8/11/61,4/10/83,160043,9%,rastewart,7ONuh3Zi^z#32r
489424,Dr.,Phillip,F,White,M,phillip.white@gmail.com,3/4/78,1/5/16,181774,7%,pfwhite,8<Mc.5]eu.*C8.
639892,Mr.,Jose,K,Hill,M,jose.hill@hotmail.com,10/8/94,7/9/16,129774,15%,jkhill,a_!SKb6h3?w*Mad
704709,Dr.,Harold,Z,Nelson,M,harold.nelson@gmail.com,12/24/84,8/23/11,156194,0%,hznelson,z/-hEz3&^q5
461593,Ms.,Nicole,O,Ward,F,nicole.ward@yahoo.com,12/12/64,1/23/89,95673,12%,noward,AUe6s0@:@]A3Ze
392491,Mrs.,Theresa,R,Murphy,F,theresa.murphy@gmail.com,12/30/87,8/3/10,51015,11%,trmurphy,V]PGw>4h9
495141,Drs.,Tammy,B,Young,F,tammy.young@comcast.net,3/22/79,4/25/15,93650,7%,tbyoung,d6!&xu12A1H^i![